id,nom,prenom,ville_id
45,Mcmillan,Cannon,39
46,Lawson,Makaila,35
47,Zimmerman,Isiah,6
48,Kline,Sidney,33
49,Sanders,Dashawn,13
50,Bates,Javier,12
51,Dillon,Aniya,2
52,Stuart,Yurem,43
53,Rubio,Brooklyn,31
54,Browning,Randall,29
55,Short,Addisyn,6
56,Frazier,Derrick,43
57,Potter,Aspen,40
58,Brandt,Jordyn,5
59,Mueller,Alena,6
60,Little,Donavan,18
61,Serrano,Amy,37
62,Montes,Conrad,41
63,Conley,Sharon,33
64,Sharp,Cassandra,31
65,Cabrera,Braxton,36
66,Grant,Landin,22
67,Mullen,Penelope,11
68,Cordova,Marley,21
69,Robbins,Calvin,40
70,Stafford,Abraham,15
71,Barnes,Kiley,6
72,Chase,Mekhi,42
73,Santiago,Xavier,9
74,Scott,Chance,44
75,Preston,Alfred,8
76,Hurst,Charlie,29
77,Glover,Anahi,16
78,Beck,Karli,13
79,Hernandez,Elisa,3
80,Franco,Alondra,20
81,Skinner,Edgar,34
82,Burns,Nigel,18
83,Peters,Moises,12
84,Mckinney,Saige,27
85,Snyder,Damon,6
86,Moon,Jameson,22
87,Meyer,Kimberly,10
88,Proctor,Hailee,32
89,Frye,Allyson,32
90,Schwartz,Areli,24
91,Ferguson,Jazlene,34
92,Mason,Leslie,32
93,Dominguez,Ayden,19
94,Velez,Lexie,18
95,Lester,Alison,34
96,Newton,Shayla,32
97,Hayden,Drew,35
98,Holloway,Mayra,11
99,Hansen,Charlotte,27
100,Lara,Aidan,22
101,Bryant,Tate,14
102,Spence,Krish,38
103,Obrien,Marco,40
104,Zavala,Juan,34
105,Thomas,Landin,14
106,Ray,Mohammad,5
107,Arroyo,Allyson,28
108,Mason,Ainsley,28
109,Galloway,Killian,33
110,Hopkins,Jaden,30
111,Craig,Isla,35
112,Hopkins,Kendra,32
113,Cabrera,Addyson,3
114,Kirk,Gwendolyn,3
115,Stephens,Ellen,42
116,Moses,Kyson,25
117,Hendricks,Jada,24
118,Calhoun,Alexia,33
119,Gomez,Andres,42
120,Mcbride,Enrique,40
121,Lewis,Angela,22
122,Park,Beau,25
123,Brandt,Kendall,40
124,Cordova,Brenden,8
125,Savage,Cash,10
126,Weber,Darren,14
127,Ellison,Izabella,35
128,Rojas,Bruno,44
129,Peck,Leland,1
130,Lane,Jayvon,8
131,Lynch,Connor,33
132,Guerra,Aarav,13
133,Melendez,Jacqueline,29
134,Gonzalez,Jamiya,42
135,Crane,Oswaldo,31
136,Landry,Kody,38
137,Lopez,Cohen,31
138,Pacheco,Julio,44
139,Shannon,Anna,33
140,Gallegos,Ariel,3
141,Fischer,Cyrus,32
142,Rowland,Kaitlyn,39
143,Mcmahon,Yoselin,11
144,Boyd,Nataly,1
145,Stewart,Rachel,22
146,Friedman,Miguel,13
147,Rice,Akira,42
148,Arias,Saige,35
149,Guzman,Melina,25
150,Flynn,Nehemiah,2
151,Matthews,Mark,42
152,Watson,Savion,38
153,Riddle,Bianca,34
154,Norman,Hugh,6
155,Macias,Andrea,21
156,Owen,Carmelo,23
157,Decker,Melina,22
158,Moyer,Maximus,14
159,Richmond,Zaire,21
160,Li,Mike,7
161,Mills,Jameson,22
162,Blevins,Ainsley,9
163,Lawson,Rhianna,8
164,Benitez,Kolten,4
165,Novak,Sydnee,42
166,Olsen,Carley,3
167,Mcmillan,Denzel,41
168,Hays,Teresa,10
169,Wilkinson,Aniyah,3
170,Keith,Frank,11
171,Skinner,Jacob,14
172,Guerrero,Malakai,34
173,Rocha,Jaylin,9
174,Boyle,Trinity,23
175,Powers,Todd,5
176,Holder,Deanna,10
177,Hubbard,Mohammed,18
178,Dickerson,Stella,14
179,Woods,Lexi,24
180,Conley,Noelle,23
181,Dougherty,Amara,11
182,Wilkins,Scarlet,11
183,Clements,Amara,14
184,Lindsey,Kailee,21
185,Roach,Jamie,13
186,Barr,Emmett,25
187,Powell,Billy,23
188,Butler,Kaylee,12
189,Duffy,Layton,39
190,Dunn,Abel,42
191,Coffey,Cael,44
192,Schmidt,Hadley,32
193,Yang,Marely,38
194,Daniels,Giancarlo,26
195,Berger,Aubree,5
196,Le,Nikolas,14
197,Romero,Jadiel,17
198,Mcclain,Brayan,20
199,Giles,Ireland,8
200,May,Jameson,30
201,Bright,Terrence,20
202,Acosta,Annabel,44
203,Jackson,Kadyn,20
204,Hunt,Cody,37
205,Vincent,Sonia,37
206,Myers,Antony,11
207,Downs,Kyan,22
208,Frey,Brielle,20
209,Fischer,Keegan,12
210,Sullivan,Jane,16
211,Frost,Norah,27
212,Mullins,Aubrey,40
213,Fischer,Leanna,20
214,Thornton,Angela,26
215,Dixon,Jeremiah,14
216,Ferrell,Jaslyn,2
217,Norton,Clare,33
218,Fletcher,Ryan,8
219,Fuentes,Tessa,29
220,Fuller,Anaya,23
221,Acevedo,Imani,40
222,Terrell,Elaina,41
223,Galloway,Terrence,12
224,Lindsey,Tiffany,32
225,Galloway,Miah,1
226,Vargas,Marquise,35
227,Sellers,Ally,2
228,Walker,Hailey,27
229,Avery,Jaeden,26
230,Moran,Muhammad,1
231,Madden,Kennedi,26
232,Allen,Justin,13
233,Mcfarland,Mylee,18
234,Garrett,Holden,6
235,Travis,Perla,6
236,Swanson,Noah,33
237,Costa,Jaylan,36
238,Cook,Marlene,42
239,Aguirre,Krystal,14
240,Steele,Brenna,11
241,Osborn,Deanna,34
242,Hopkins,Enrique,9
243,Brandt,Alvaro,23
244,Strickland,Zaid,19
245,Humphrey,Makaila,21
246,May,Kamren,27
247,Salinas,Blaine,26
248,Greene,Kara,17
249,Conner,Malia,4
250,Fitzpatrick,Serenity,34
251,Morrison,Irene,32
252,Petty,Malia,20
253,Sawyer,Ariella,5
254,Riddle,Nathalie,35
255,Montoya,Makai,9
256,Day,Jeffrey,11
257,Bentley,Joe,8
258,Holden,Leslie,28
259,Mendez,Sandra,31
260,Benton,Dane,35
261,Mcgrath,Kaley,8
262,Cooley,Kallie,15
263,Parker,Lyric,21
264,Diaz,Maya,21
265,Cole,Marley,23
266,Greene,Susan,8
267,Foster,Rashad,28
268,Warren,Elijah,37
269,Camacho,Ryann,22
270,Moreno,Phillip,17
271,Melton,Cesar,41
272,Cowan,Miracle,19
273,Tran,Maximus,38
274,Medina,Paisley,31
275,Jordan,Shyanne,32
276,Callahan,Ali,22
277,Douglas,Brady,1
278,Moses,Dante,3
279,Figueroa,Gracelyn,34
280,Barry,Carl,42
281,Holmes,Pablo,1
282,Mata,Trevon,42
283,Acevedo,Braxton,31
284,Dominguez,Haylie,20
285,Aguirre,Jazlene,24
286,Shepherd,Kylee,17
287,Randolph,Alisa,19
288,Fletcher,Izayah,21
289,Booth,Adelyn,9
290,Davis,Dean,33
291,Daugherty,Natalya,15
292,Morton,Giselle,23
293,Garrett,Yael,39
294,Stewart,Aurora,10
295,Zamora,Addison,10
296,Dean,Dillan,32
297,Kline,Braden,29
298,Frost,Donavan,8
299,Ryan,Diana,39
300,Villanueva,Madeline,1
301,Vaughn,Damarion,6
302,Clark,Ezra,15
303,Combs,Kimora,31
304,Clarke,Londyn,4
305,Patel,Chance,14
306,Hall,Keshawn,44
307,Porter,Leonel,4
308,Harris,Lea,43
309,Lynn,Erika,41
310,Malone,Amari,33
311,Castillo,Nikolas,33
312,Ware,Yadira,4
313,Best,Royce,32
314,Burke,Kendall,38
315,Wells,Malcolm,7
316,Soto,Kaiya,14
317,Compton,Sincere,15
318,Peterson,Kyson,3
319,Gonzalez,Miles,14
320,Lang,Sherlyn,17
321,Mcintyre,Dominick,18
322,Wilkerson,Elliott,22
323,Ferrell,Karter,34
324,Blankenship,Joanna,30
325,Mccarty,Diana,37
326,Kelly,Brianna,37
327,Li,Elvis,29
328,Duarte,Delilah,43
329,Mccall,Deja,38
330,Johns,Kendrick,5
331,Manning,Johnathon,34
332,Thompson,Autumn,42
333,Santana,Alyssa,13
334,Trevino,Alayna,2
335,Arias,Anna,39
336,Willis,Alanna,29
337,Cole,Sloane,12
338,Stanley,Autumn,43
339,Liu,Destinee,8
340,Crane,Antony,25
341,Richmond,Jazmin,17
342,Dickerson,Dexter,34
343,Melton,Valentina,37
344,Levy,Nico,20
345,Sherman,Samson,25
346,Moss,Helen,1
347,Marsh,Ryleigh,26
348,Watson,Sierra,22
349,Michael,Maximus,11
350,Neal,Camryn,8
351,Cline,Micheal,1
352,Middleton,Teresa,36
353,Stewart,Brooke,30
354,Escobar,Emery,27
355,Cross,Erica,9
356,Bowman,Sophia,21
357,Fuller,Cade,40
358,Castillo,Trenton,9
359,Swanson,Jamari,6
360,Bell,Rachael,37
361,Harding,Branden,8
362,Huff,Tabitha,30
363,Hoffman,Ivan,30
364,Carlson,Mark,39
365,Atkinson,Bailee,30
366,Snyder,Adelaide,22
367,Crosby,Mya,27
368,Harrell,Angela,27
369,Mays,Gunnar,39
370,Stuart,Santino,3
371,Wiggins,Gerardo,6
372,Doyle,Marley,25
373,Macdonald,Levi,4
374,Garza,Luciana,17
375,Berry,Maximo,4
376,Robbins,Harper,30
377,Weiss,Paityn,5
378,Dunlap,Tyrone,27
379,Burns,Makhi,11
380,Koch,Macy,12
381,Shaffer,Marlie,43
382,Pollard,Liam,37
383,Snow,Eileen,38
384,Horne,Talia,26
385,Cline,Gianni,33
386,Ballard,Valentin,28
387,Chung,Jarrett,27
388,Mcknight,Zoie,22
389,Noble,Jamarion,12
390,Pham,Justus,37
391,Glover,Nikhil,33
392,Knox,Mohamed,39
393,Choi,Jaida,34
394,Benitez,Mitchell,1
395,Mooney,Sierra,22
396,Rivera,Elizabeth,40
397,Delacruz,Kathy,27
398,Ramsey,Daniel,4
399,Lucas,Kieran,41
400,Kramer,Connor,10
401,Mann,Alia,23
402,Bass,Johnny,38
403,Ramirez,Cory,17
404,Cunningham,Niko,34
405,Snow,Bernard,27
406,Vega,Maya,39
407,Stark,Hector,44
408,Mcbride,Mckenzie,22
409,Knight,Diego,18
410,Meyer,Armani,19
411,Jefferson,Helena,7
412,Howard,Audrina,5
413,Howard,Veronica,16
414,Elliott,Giovani,37
415,Chung,Rocco,11
416,Kemp,Leonidas,43
417,Ballard,Joyce,16
418,Delgado,Tatum,29
419,Hansen,Edgar,28
420,Huerta,Dominique,19
421,Huffman,Silas,10
422,Rivers,Adyson,5
423,Cooley,Hana,14
424,Garrison,Terrance,38
425,Hopkins,Abby,40
426,Stafford,Alfonso,13
427,Harrison,Dorian,2
428,Yang,Hayden,9
429,Roach,Siena,9
430,Mosley,Rylie,4
431,Nicholson,Kale,3
432,Velazquez,Jackson,42
433,Juarez,Daphne,29
434,Mckenzie,Angelina,23
435,Mcintosh,Romeo,42
436,Bolton,Laylah,24
437,Barnes,Kenyon,5
438,Houston,Kaitlynn,32
439,Shah,Nadia,15
440,Gonzales,Hezekiah,15
441,Petty,Tristan,26
442,Hill,Zaiden,3
443,Salinas,Tania,1
444,Becker,Aryanna,20
445,Norton,Marissa,14
446,Sanford,Rey,5
447,Paul,Jayden,6
448,Harmon,Braxton,35
449,Ayers,Mohammad,13
450,Berger,Asia,18
451,Nielsen,Messiah,17
452,Gomez,Zachary,36
453,Beard,Alec,42
454,Pearson,Markus,27
455,Mcknight,Ramiro,25
456,Fuller,London,40
457,Dudley,Vicente,15
458,Cooley,Reece,2
459,Poole,Selah,3
460,Thomas,Kamren,31
461,Wheeler,Samir,11
462,Hickman,Zane,21
463,Mahoney,Kiana,3
464,Simpson,Dayton,10
465,Murphy,Roberto,7
466,Ballard,Ean,25
467,Turner,Davon,32
468,Villanueva,Colton,19
469,Mccarthy,Vincent,24
470,Zamora,Ayden,35
471,Parker,Jaron,38
472,Elliott,Johnathon,23
473,Bush,Ishaan,16
474,Oneal,Kristina,6
475,Hampton,Nickolas,38
476,Vazquez,Haylie,13
477,Montgomery,Humberto,24
478,Barton,Brisa,16
479,Knox,Alani,9
480,Patterson,Teresa,9
481,Hooper,Dawson,41
482,Dougherty,Reed,36
483,Ware,Selena,33
484,Contreras,Kara,15
485,Mcmahon,Frances,24
486,Schaefer,Elizabeth,17
487,Chavez,June,33
488,Freeman,Tia,37
489,Blair,Zaire,37
490,Hoover,Zaire,4
491,Hebert,Lorelai,12
492,Arellano,Branden,13
493,Ewing,Lexie,35
494,Franco,Emilie,15
495,Taylor,Camden,10
496,Cardenas,Derick,28
497,Costa,Jayvion,19
498,Nelson,Deon,6
499,Cobb,Elisha,39
500,Proctor,Destiny,36
501,Leblanc,Yasmin,10
502,Durham,Antwan,36
503,Melton,Emelia,37
504,Mckay,Enrique,4
505,Lucas,Kyle,28
506,Santos,Rubi,20
507,Wilcox,Carmen,17
508,Obrien,Julien,1
509,Adkins,Blaine,3
510,Shaffer,Prince,35
511,Maddox,Hana,29
512,Rice,Lindsey,34
513,Hahn,Billy,33
514,Fisher,Jaylyn,21
515,Sanford,Dangelo,41
516,Foley,Perla,26
517,Ashley,Ayanna,27
518,Lynch,Arnav,3
519,Castaneda,Eduardo,20
520,Mcneil,Logan,27
521,Parker,Allan,20
522,Sutton,Milo,35
523,Townsend,Davis,6
524,Velez,Payten,23
525,Alexander,Jeramiah,26
526,Blanchard,Seth,31
527,Santana,Magdalena,44
528,Zavala,Lorelei,30
529,Prince,Salvatore,7
530,Avila,Simone,1
531,Klein,Vance,12
532,Mclean,Marianna,10
533,Howard,Sofia,35
534,Garner,Heath,24
535,Roberson,Addyson,16
536,Mendez,Mylee,3
537,Pitts,Xander,2
538,Jordan,Abel,17
539,Henry,Nylah,42
540,Davis,Hope,39
541,Flynn,Wyatt,38
542,Estes,Misael,29
543,Phillips,Natalie,6
544,Espinoza,Kaleigh,22
545,Mcneil,Linda,32
546,Grimes,Zoie,2
547,Bates,Jarrett,36
548,Bennett,Beatrice,8
549,Welch,Chris,32
550,Franco,Alvaro,26
551,Chen,Emilio,24
552,Riggs,Francis,12
553,Houston,Allisson,6
554,Salinas,Ian,39
555,Massey,Sophia,8
556,Mata,Hector,41
557,Henderson,Tate,7
558,Warner,Destiny,33
559,Rodgers,Jaliyah,34
560,Schroeder,Jovan,29
561,Leblanc,Melanie,5
562,Douglas,Daniela,38
563,Huynh,Joey,15
564,Richard,Carlos,17
565,Strong,Kendall,4
566,Shah,Karla,31
567,Walter,Kendrick,7
568,Frederick,Brianna,35
569,Stevens,Joshua,11
570,Mckee,Kayden,17
571,Holden,Damian,38
572,Ware,Shaylee,3
573,Hogan,Karla,15
574,Ayala,Jacquelyn,3
575,Camacho,Addison,28
576,Atkinson,Yusuf,17
577,Lane,Hugo,34
578,Marshall,Kyle,40
579,Patton,Clarissa,15
580,Maxwell,Kailyn,17
581,Reynolds,Alisha,15
582,Meza,Neveah,9
583,Merritt,Kael,3
584,Garza,Nico,33
585,Knight,Aaliyah,29
586,Saunders,Tia,12
587,Conway,Paige,31
588,Weiss,Armani,24
589,Cabrera,Deborah,7
590,Khan,Brisa,32
591,Walter,Amaris,9
592,Moreno,Javier,40
593,Graham,Aden,1
594,Hodge,Kristen,21
595,Ochoa,Zavier,2
596,Fitzpatrick,Jacquelyn,10
597,Baxter,Ella,1
598,Archer,Gisselle,44
599,Spence,Elise,26
600,Daugherty,Jan,10
601,Cameron,Reuben,13
602,Richards,Carlee,12
603,Baldwin,Donald,24
604,Leon,Pablo,10
605,Barber,Mary,4
606,Dixon,Mckinley,4
607,Mcintyre,Kayla,35
608,Mckay,Kyler,27
609,Martin,Daniella,23
610,Weiss,Gaven,33
611,Lawrence,Nick,8
612,Gutierrez,Hana,22
613,Gould,Tianna,23
614,Warner,Linda,21
615,Thomas,Ellie,15
616,Knapp,Kyra,18
617,Clarke,Miriam,44
618,Hanson,Carlee,26
619,Collins,Mohammad,29
620,Davenport,Karter,3
621,Hernandez,Emmalee,38
622,Jones,Thomas,9
623,Moyer,Keely,40
624,Mcdowell,Alberto,25
625,Cole,Elaina,9
626,Buck,Ayaan,13
627,Wheeler,Caiden,39
628,Mccullough,Payton,35
629,Hicks,Gianna,10
630,Ward,Darryl,12
631,Hampton,Roy,29
632,Dickson,Ean,42
633,Schultz,Siena,6
634,Mcclain,Aliyah,22
635,Sexton,Darian,33
636,Ramos,Asa,14
637,Wade,Adrian,33
638,Bishop,Kaelyn,1
639,Galloway,Lacey,23
640,Carey,Elijah,11
641,Abbott,Cailyn,4
642,Dickerson,Holden,38
643,Wells,Kody,30
644,Daniels,Andrew,38
645,Johnson,Graham,41
646,Leon,Emerson,29
647,English,Rylee,13
648,Turner,Isabela,19
649,Leach,Paul,20
650,Shelton,Isabella,13
651,Wilkinson,Braylon,25
652,Bond,Dereon,3
653,Weeks,Ricky,24
654,Warner,Athena,43
655,Raymond,Alicia,14
656,Pollard,Kelton,14
657,Zimmerman,Davian,30
658,Sanchez,Dario,32
659,Alvarado,Cindy,34
660,Avery,Andrew,38
661,Ramos,Cali,6
662,Dorsey,Aniya,18
663,Brooks,Charity,7
664,Reeves,Cale,24
665,Garrett,Carleigh,9
666,Monroe,Darren,35
667,Bray,Naima,32
668,Richardson,Justice,33
669,Castro,Quinn,16
670,Love,Ulises,22
671,Nolan,Rafael,16
672,Whitney,Kale,34
673,Cervantes,Alec,43
674,Christensen,Layla,16
675,Padilla,Ernesto,15
676,Obrien,Tyler,13
677,Mckenzie,Annabella,20
678,Andrews,Mira,22
679,Riggs,Bentley,9
680,Forbes,Dallas,35
681,Bates,Evangeline,3
682,Gilmore,Jenna,37
683,Larsen,Kaden,40
684,Brandt,Isaias,34
685,Rich,Ronald,8
686,Gilmore,Blake,15
687,Harrington,Alejandra,35
688,Rasmussen,Javon,44
689,Wagner,Journey,25
690,Pacheco,Dereon,1
691,Bell,India,10
692,Jenkins,Davion,39
693,Valencia,Adan,30
694,Robertson,Marshall,35
695,Dodson,Zechariah,42
696,Walker,Ray,32
697,Mcknight,Antonio,38
698,French,Damari,11
699,Hammond,Reynaldo,37
700,Carroll,Jarrett,15
701,Santana,Brooke,34
702,Hensley,Brittany,34
703,Howell,Akira,33
704,Rangel,Georgia,40
705,Gutierrez,Aria,42
706,Reilly,Camron,33
707,Huerta,Ari,11
708,Case,Georgia,8
709,Malone,Warren,10
710,Rowe,Joel,36
711,Montes,Selena,39
712,Pierce,Shania,3
713,Wade,Braylen,7
714,Copeland,Krista,18
715,Michael,Jaylene,5
716,Reyes,Elisa,38
717,Hull,Jaden,2
718,Blankenship,Jayleen,44
719,Nguyen,Coby,22
720,Gallegos,Raegan,43
721,Fuller,Maryjane,28
722,Osborn,Scarlett,12
723,Knox,Kelsie,35
724,Watkins,Keshawn,20
725,Cameron,Guillermo,14
726,Love,Quincy,10
727,Carlson,Lucas,16
728,Garza,Cory,5
729,Sawyer,Aspen,29
730,Cline,Alden,22
731,Daniel,Giovanna,5
732,Atkinson,Jamarcus,18
733,Tate,Jordin,14
734,Nunez,Broderick,21
735,Mcfarland,Londyn,40
736,Mitchell,Preston,12
737,Castillo,Russell,4
738,Glass,Henry,23
739,Riley,Tania,14
740,Jensen,Caitlyn,13
741,Clayton,Dean,4
742,Winters,Jordan,2
743,Benson,Ivy,43
744,Mcknight,Autumn,39
745,Ali,Jenny,38
746,Matthews,Malachi,16
747,Joyce,Cheyanne,13
748,Blackburn,Jamie,42
749,Kennedy,Danika,44
750,Armstrong,Cailyn,35
751,Cox,Kali,9
752,Cochran,Kyra,26
753,Lin,Makayla,1
754,Brewer,Isabel,33
755,Bautista,Trenton,34
756,Carpenter,Rodolfo,43
757,Li,Braylon,33
758,Hester,Stephanie,4
759,Robles,Lizeth,18
760,Hale,Madelyn,25
761,Leonard,Kolten,22
762,Cruz,Steve,16
763,Glass,Josh,43
764,Bautista,Spencer,36
765,Good,Jonas,38
766,Camacho,Izayah,44
767,Chen,Rachel,39
768,Silva,Braelyn,24
769,Howell,Judith,44
770,Luna,Clarence,32
771,Mayer,Jayla,41
772,Kline,Wade,42
773,Brennan,Jocelynn,9
774,Mora,Riya,25
775,Case,Robert,41
776,Terrell,Hunter,43
777,Moore,Desirae,30
778,Ayers,Maia,39
779,Frederick,Lyla,2
780,Bray,Nola,19
781,Pruitt,Charlie,32
782,Gamble,Karina,31
783,Meyers,Charlie,2
784,Castillo,Cesar,26
785,Ryan,Laci,15
786,Oneill,Seth,12
787,Jennings,Damien,30
788,Bennett,Savion,27
789,Summers,Makaila,8
790,Delacruz,Ayden,4
791,Stein,Tia,41
792,Estrada,Silas,6
793,Walls,Harley,38
794,Dickson,Nasir,9
795,Golden,Arielle,20
796,Mcdowell,Solomon,16
797,Davies,Blaine,23
798,Rich,Leonel,19
799,Tapia,Arely,28
800,Mendez,Jazlyn,38
801,Aguilar,Regina,1
802,Weiss,Sage,42
803,Pineda,Jordan,27
804,Mccarthy,Valeria,23
805,Davenport,Mario,43
806,Carrillo,George,16
807,Novak,Zachary,28
808,Esparza,Braydon,38
809,Contreras,Zaniyah,2
810,Jacobs,Larissa,27
811,Sharp,Krystal,35
812,Parks,Sara,32
813,Fitzgerald,Jair,23
814,Rollins,Adriana,25
815,Cervantes,Kailee,22
816,Hobbs,Nathalie,39
817,Mcneil,Fabian,27
818,Espinoza,Elliott,26
819,Miranda,Jasmine,20
820,Kirk,Violet,33
821,Poole,Oliver,18
822,Bradford,Matias,7
823,Fitzgerald,Roberto,11
824,Padilla,Davis,41
825,Graham,Axel,23
826,Wilkinson,Landyn,34
827,Ayers,Baylee,3
828,Santiago,Brady,31
829,Sims,Trevon,25
830,Knight,Lilianna,5
831,Butler,Milo,9
832,Guerrero,Adriel,19
833,Huff,Veronica,28
834,Snyder,Elsie,16
835,Livingston,Zachery,37
836,Woods,Raina,14
837,Hebert,Kieran,43
838,Rivas,Kayla,11
839,Webster,Jennifer,38
840,Wyatt,Alessandro,42
841,Doyle,Grayson,31
842,Jefferson,Tyrone,13
843,Kennedy,Josephine,41
844,Turner,Milagros,13
845,Zavala,Dayanara,44
846,Wiley,Kaylynn,44
847,Haynes,Talon,26
848,Weiss,Mikayla,21
849,Matthews,Kaylynn,43
850,Crane,Rachael,29
851,Hahn,Jaylan,27
852,Mcgrath,Eliana,44
853,Hodge,Nathalie,4
854,Summers,Sage,1
855,Cooley,Anne,5
856,Flynn,Miya,41
857,Valdez,Jay,7
858,Craig,Omar,37
859,Hess,Kason,12
860,Wang,Davin,39
861,Gilbert,Aron,11
862,Johnston,Sarai,15
863,Atkinson,Kaley,11
864,Duarte,Zayne,39
865,Strong,Brenna,6
866,Roth,Lena,9
867,Burke,Kianna,26
868,Parsons,Carley,37
869,Blankenship,Selena,44
870,Durham,Dania,39
871,Jenkins,Luca,26
872,Buckley,Aniya,21
873,Herrera,Justice,7
874,Mckee,Jaylah,15
875,Acosta,Carlos,43
876,Stark,Jaelynn,14
877,Huff,Kellen,16
878,Costa,Evan,13
879,Dickerson,Stephen,12
880,Hanson,Presley,16
881,Branch,Mateo,12
882,Mills,Coleman,34
883,Greene,Lukas,3
884,Brock,Cash,44
885,George,Isabel,30
886,Proctor,Payton,37
887,Avery,James,43
888,Cooke,Adeline,8
889,Golden,Jefferson,37
890,Shepherd,Wilson,23
891,Casey,Jason,8
892,Reese,Arely,6
893,Watts,Emily,30
894,Knapp,Alfred,4
895,Kane,Jayvon,14
896,Mendez,Keon,25
897,Berg,Dereon,24
898,Vaughan,Arielle,39
899,Trevino,Angel,19
900,Benton,Isabela,3
901,Vasquez,Gabriella,40
902,Knox,Thalia,12
903,Ingram,Ronin,35
904,Thornton,Alexander,28
905,Leonard,Yuliana,15
906,Mayo,Adyson,6
907,Mcguire,Boston,42
908,Pruitt,Kyler,4
909,Randolph,Anderson,39
910,Cordova,Aydin,12
911,Blanchard,Darion,13
912,Watson,Natasha,27
913,Salazar,Mitchell,23
914,Sellers,Monique,1
915,Mathews,Tiffany,5
916,Levine,Jazlyn,17
917,Miller,Nathaniel,20
918,Byrd,Nikolas,31
919,Banks,Leticia,1
920,Valenzuela,Brendan,12
921,Deleon,Lindsey,41
922,Sheppard,Tessa,29
923,Robinson,Kareem,34
924,Walter,Jaylynn,27
925,Silva,Alfonso,9
926,Joseph,Rubi,29
927,Hartman,Nikolai,10
928,Parks,Alisha,27
929,Short,Tatum,1
930,Ballard,Margaret,21
931,Black,Elsie,3
932,Hunter,Theodore,37
933,Robinson,Cristopher,44
934,Mullins,Skyler,1
935,Prince,Clayton,6
936,Fitzgerald,Skyla,18
937,Farmer,Cullen,4
938,Guerrero,Marlee,31
939,Mejia,Rachael,37
940,Mercer,Jamie,10
941,Berry,Alina,28
942,Hall,Lukas,20
943,Hall,Marcos,1
944,Orozco,Anna,24
945,Colon,Rayna,15
946,Callahan,Gina,6
947,Bean,Landen,16
948,Gray,Ryleigh,20
949,Garner,Trinity,21
950,Rubio,Sofia,32
951,Mack,Georgia,14
952,Castillo,Brennen,10
953,Cortez,Julien,11
954,Walters,Jesse,25
955,Patrick,Grace,3
956,Ali,Cecilia,35
957,Boyle,Eugene,33
958,Vazquez,Caroline,41
959,Lindsey,Jaydon,23
960,Dudley,Isla,31
961,Wall,Wade,5
962,Francis,Bradyn,42
963,Stevens,Estrella,14
964,Brown,Sadie,22
965,Barton,Connor,43
966,Stokes,Sage,3
967,Vasquez,Cedric,43
968,Salinas,Alan,33
969,Wilkerson,Hezekiah,41
970,Mcgee,Alena,8
971,Mccarty,Kyla,28
972,Jenkins,Dayami,28
973,Nolan,Madeleine,44
974,Patterson,Lilah,13
975,Walker,Grant,3
976,Randolph,Katrina,1
977,Washington,Giovanna,20
978,Brady,Rodolfo,33
979,Myers,Aurora,1
980,Sosa,Nikhil,36
981,Graham,Carina,33
982,Li,Kylan,39
983,Roth,Jonah,36
984,Kirby,Alyson,18
985,Wu,Jovany,20
986,Larson,Gina,4
987,Graham,Jordan,34
988,Mooney,Makaila,5
989,Cannon,Katelynn,30
990,Moreno,Lilian,41
991,Cole,Kylie,41
992,Hinton,Johanna,26
993,Klein,Donavan,20
994,Burns,Rylan,40
995,Reeves,Brogan,17
996,Velazquez,Lewis,18
997,Snow,Leonard,43
998,Gregory,Tori,5
999,Beard,Alexandria,31
1000,Adams,Jamya,39
1001,Cooke,Miracle,22
1002,Duarte,Yasmin,18
1003,Owen,Darion,4
1004,Ford,Sage,6
1005,Zamora,Lailah,7
1006,Cantu,Aliza,16
1007,Sanders,Carmelo,1
1008,Salinas,Makenzie,26
1009,Kaufman,Gracelyn,6
1010,Davis,Kierra,39
1011,Suarez,Faith,23
1012,Cantu,Yazmin,13
1013,Franco,Brenton,2
1014,Sparks,Alexander,30
1015,Howard,Kolten,6
1016,Sullivan,Nola,40
1017,Marshall,Nicolas,14
1018,Bernard,Alisha,3
1019,Beasley,Janiya,24
1020,Gonzales,Jonathan,37
1021,Kramer,Guadalupe,28
1022,Doyle,Evangeline,36
1023,Farmer,Keyla,15
1024,Morris,Yuliana,27
1025,Perez,Ella,22
1026,Lowery,Addyson,42
1027,Harmon,Alexus,23
1028,Knight,Nathaly,33
1029,Small,Malakai,41
1030,Stanton,Marely,28
1031,Austin,Jovan,12
1032,Rios,Ronald,21
1033,Lindsey,Aaliyah,39
1034,Holder,Dillan,18
1035,Malone,Diego,44
1036,Ball,Giana,37
1037,Chen,Mariyah,28
1038,Kidd,Sean,9
1039,Berg,Madilynn,34
1040,Terry,Zane,41
1041,Johnson,Geovanni,25
1042,Nielsen,Erika,6
1043,Moss,Johnathan,6
1044,Barber,Marlee,19
